0,1,2,3,4,5,6,7,8,9,10,11,12,13,14,15,16,17,18,19,20,21,22,23,24,25,26,27,28,29,30,31,32,33,34,35,36,37,38,39,40,41,42,43,44,45,46,47,48,49,50,51,52,53,54,55,56,57,58,59,60,61,62,63,64,65,66,67,68,69,70,71,72,73,74,75,76,77,78,79,80,81,82,83,84,85,86,87,88,89,90,91,92,93,94,95
2.2140925,2.2492485,2.2823346,2.3591244,1.9055564,2.005105,2.059593,2.0645819,1.6743695,1.5365611,1.907901,1.8169135,1.5711364,1.5634083,1.74309,1.6663785,1.7101872,1.9315628,1.8643823,1.849447,1.9269912,1.9340464,1.9576803,2.0312889,2.4103343,2.5722325,2.3721051,2.4932282,2.8457139,2.8359451,2.7814407,2.909991,3.2446663,3.2207825,3.2616017,3.3621721,3.424442,3.5425618,3.4086246,3.5180943,3.3951728,3.3754604,3.3504198,3.5258138,3.2174628,3.3206646,3.2289891,3.4432747,3.025744,3.0416048,3.0206647,3.2384522,2.7199998,2.6999328,2.7579398,2.9691834,2.3977501,2.4336336,2.4623613,2.5983434,2.38966,2.7081316,2.6104913,2.662864,2.265913,2.3151753,2.478896,2.4739466,2.3793626,2.3150828,2.467073,2.5534854,2.9486299,2.9765978,2.991857,3.0956976,3.5661738,3.46841,3.5451448,3.7290437,3.8948464,3.896203,3.8226297,4.0423093,3.844342,3.8230937,3.7766457,3.9782906,3.8400862,3.823187,3.853287,4.10967,3.5941803,3.742476,3.5582418,3.8768902
1.8523245,1.9502228,1.9509588,2.1357408,1.7164824,1.6832927,1.8418416,1.958877,1.6015244,1.677554,1.7751023,1.7715318,1.5567478,1.4179963,1.5682255,1.5840158,1.9017476,1.9947003,1.8522768,1.912546,2.3922002,2.274803,2.3028624,2.3500497,2.8297286,2.798011,2.7692788,2.8218062,3.2007158,3.3360384,3.1520023,3.1922705,3.426949,3.3689249,3.3811457,3.4600208,3.498324,3.5002606,3.5192652,3.6421006,3.3003407,3.296107,3.4026287,3.524995,3.074431,3.1171894,3.1268055,3.3753712,2.7703853,2.7542136,2.8608212,3.119448,2.414881,2.4294674,2.5331995,2.780936,2.3099253,2.4858804,2.3738256,2.5536795,2.2742267,2.3087814,2.3640244,2.4734302,2.4019856,2.243988,2.3860803,2.49201,2.8414907,2.7209764,2.724584,2.826627,3.5423362,3.461889,3.3524094,3.5318923,3.8855886,3.8296323,3.7579453,3.9275703,3.8955705,3.9982762,3.7300253,3.881174,3.8041248,4.0246778,3.7208297,3.892164,3.60211,3.6380455,3.5805721,3.807636,3.4191115,3.5588384,3.501557,3.7632859
1.5963069,1.5076071,1.7439067,1.9002739,1.5054613,1.5907042,1.6425443,1.7211947,1.5298915,1.5848578,1.5993687,1.6270199,1.9439771,1.7893873,1.9724624,2.0195334,2.3409193,2.5360723,2.3125484,2.3547606,2.7821631,2.884139,2.7926927,2.822669,3.0864787,3.1234186,3.0238023,3.0604491,3.417963,3.3919113,3.3937552,3.3986228,3.4386513,3.3624456,3.3189867,3.4413946,3.2934535,3.1351354,3.2874537,3.4115849,3.1304862,3.101437,3.107773,3.3272119,2.7740622,2.8730757,2.8151908,3.073252,2.3722456,2.3957467,2.4877977,2.7544222,2.2808049,2.4379065,2.448575,2.6567128,2.1713247,2.1773403,2.240857,2.3589542,2.448642,2.373638,2.494975,2.6465387,2.8053992,2.5679388,2.7933865,2.9110014,3.4649873,3.413622,3.3383746,3.4659657,3.8667593,3.8673666,3.7350903,3.870656,3.8575435,4.0301394,3.7325792,3.8581667,3.841263,3.8149104,3.7230685,3.8382764,3.6299155,3.6150036,3.5046597,3.6696038,3.4552412,3.6620755,3.4036205,3.6553018,3.0931559,3.1378725,3.1222334,3.4493365
1.5170522,1.522142,1.7041552,1.7968832,1.648647,1.8201071,1.7924789,1.878625,2.0208678,2.1016307,2.1731622,2.1954858,2.4205303,2.3323562,2.4924142,2.5240755,2.787962,2.8279827,2.807156,2.862876,3.0580654,3.1126928,2.9649506,3.0907052,3.3766596,3.3218465,3.2736943,3.3959687,3.4276881,3.4072359,3.3376684,3.4448838,3.2956133,3.3175616,3.2137465,3.3748863,3.061628,2.9364877,3.009119,3.1795788,2.7349048,2.6367428,2.7599456,2.9404464,2.4559553,2.5789201,2.5784595,2.8103635,2.223107,2.5491605,2.337349,2.583625,2.211801,2.302152,2.3107097,2.5472293,2.4297454,2.3767116,2.4984853,2.7004445,2.8880076,2.8238897,2.9549031,3.112349,3.4687276,3.379961,3.4027886,3.5782666,3.8521483,3.7459505,3.7758596,3.9182549,3.8235602,3.8941567,3.6915865,3.8402867,3.729612,3.7353218,3.5999727,3.7544093,3.7068586,3.7108939,3.5887623,3.780339,3.4048474,3.44045,3.3790557,3.5260708,3.0622323,3.0007908,3.082308,3.3066416,2.7149923,2.817372,2.8422189,3.1217828
1.5608206,1.8062518,1.661014,1.7674809,1.9127033,1.8287141,1.9460235,2.0333774,2.469927,2.4294112,2.468832,2.5106816,2.8305752,2.7705538,2.8602495,2.8615873,3.1978798,3.3156252,3.1943576,3.2840633,3.3538356,3.3500063,3.2817693,3.3795137,3.4286103,3.3604195,3.346124,3.4779596,3.280486,3.2800019,3.2584214,3.357461,3.0515373,2.9971964,2.9863644,3.125166,2.7328496,2.668974,2.770076,2.914671,2.4882627,2.4739535,2.6278026,2.729727,2.2413628,2.4211116,2.3726199,2.5244875,2.1820502,2.5383966,2.2576203,2.4554584,2.3688717,2.4367063,2.4080677,2.6773818,2.8550823,2.749939,2.8444772,3.0312583,3.5002434,3.3605323,3.4318635,3.69537,3.8013675,3.7225142,3.72642,3.9651713,3.8474576,3.8671362,3.7972806,3.9330337,3.7826521,3.8803275,3.673028,3.8209584,3.6029742,3.5978923,3.4926717,3.63649,3.4521372,3.5633817,3.408543,3.54247,3.0031943,2.8975623,3.0353765,3.1444538,2.7129943,2.816979,2.8247328,2.990778,2.228168,2.5502357,2.4053028,2.586313
1.816035,1.681405,1.8121567,1.9490143,2.3785272,2.210629,2.3149765,2.4880304,2.843767,2.8061695,2.778602,2.924411,3.2331402,3.1385558,3.1795285,3.3369122,3.3628654,3.3665338,3.292158,3.4834242,3.4004595,3.5514884,3.3363883,3.555278,3.2377746,3.1314065,3.1429858,3.3423212,3.0997226,3.1061342,3.0221703,3.1922135,2.79915,2.7674315,2.8011074,2.9367058,2.5321815,2.7665236,2.6740456,2.7484186,2.2746313,2.5239525,2.3838732,2.4961963,2.268033,2.464674,2.391389,2.4993396,2.4284863,2.3833718,2.542908,2.7243326,2.7876303,2.7190495,2.8178694,3.0789864,3.5592208,3.3503022,3.4810495,3.7686045,3.8913245,3.8088982,3.8627398,4.1360445,3.7856545,3.7122877,3.6964889,3.956648,3.7743294,3.802504,3.7361763,3.9100761,3.6393266,3.6836004,3.5995257,3.7669091,3.4446712,3.5021908,3.4433706,3.6021068,3.1513815,3.3377144,3.1678402,3.3020923,2.596791,2.7346442,2.6398783,2.756509,2.3698773,2.5618,2.5302157,2.6332862,2.0663884,2.336981,2.1705196,2.3402252
2.3766124,2.4587598,2.3661075,2.5273612,2.7752197,2.7103608,2.7096958,2.8409913,3.1588356,3.123236,3.155202,3.196175,3.4162655,3.3149948,3.344006,3.4081378,3.4463334,3.4414244,3.3870473,3.48394,3.2817864,3.2671316,3.2791593,3.3632486,3.057642,3.1166506,3.0084205,3.1383412,2.8183618,2.7718782,2.8304162,2.9199162,2.4417756,2.496869,2.532255,2.6268992,2.3668537,2.3768325,2.5237296,2.5682895,2.2618644,2.344786,2.3520894,2.4464703,2.3795302,2.4521043,2.362957,2.5874836,2.8016055,2.748658,2.714349,3.0294895,3.5035865,3.4299285,3.415309,3.7607262,3.8520024,3.7507749,3.7482183,4.068828,3.8115473,3.7872345,3.6690674,3.9317727,3.7396564,3.7266405,3.61506,3.8089623,3.651631,3.711266,3.5862334,3.715659,3.3573546,3.411118,3.259134,3.3608184,3.152638,3.1082375,3.207286,3.2686312,2.6868927,2.7956831,2.7363582,2.7736902,2.28399,2.5624533,2.4133377,2.4477532,2.1574705,2.3869176,2.3155696,2.410237,2.0488544,2.23572,2.244591,2.3878622
2.728476,2.7336507,2.6301475,2.770801,3.1083894,3.122435,2.978394,3.1266284,3.3521667,3.2575166,3.2525496,3.3420637,3.4369884,3.3364427,3.340116,3.4787493,3.1901753,3.0992146,3.1251726,3.2853057,3.0851586,2.922276,3.0471256,3.2370067,2.796466,2.798061,2.808342,2.9923522,2.5333123,2.578293,2.5695336,2.7365043,2.387478,2.7952244,2.4754767,2.6004074,2.3038135,2.5073884,2.4510121,2.4937532,2.4170594,2.541357,2.4785416,2.5735095,2.833856,2.7675726,2.8128252,3.0121355,3.518457,3.4371495,3.4470766,3.6958163,3.8391674,3.8875403,3.7758496,4.079068,3.799569,3.8448384,3.6292644,3.9351737,3.7405546,3.8599985,3.5955875,3.918787,3.570983,3.5095332,3.4278238,3.7168067,3.287759,3.2430146,3.2092416,3.4095383,3.105281,3.2332246,3.0405018,3.2576675,2.6980314,2.8993406,2.7563272,2.850487,2.48221,3.0806198,2.6272798,2.6488323,2.1634526,2.8487895,2.3102107,2.331716,2.1215503,2.511427,2.319876,2.3699594,2.3382611,2.5409415,2.459419,2.6395192
3.0419888,3.0015054,2.9678736,3.1929004,3.3045564,3.2139647,3.141704,3.3943489,3.4436355,3.5007474,3.328756,3.523818,3.305655,3.141456,3.2216227,3.3631392,3.0060644,2.9169524,2.9259758,3.1275551,2.725278,2.7799451,2.7174654,2.8267777,2.4811404,2.517156,2.4358935,2.6005187,2.3435833,2.4674428,2.3867679,2.4597807,2.2838094,2.5661218,2.3838584,2.373388,2.4449582,2.4119737,2.5255318,2.5590422,2.9164495,2.9115188,3.0182183,3.0860085,3.4874597,3.417102,3.4981577,3.7064965,3.8632686,3.8319876,3.8664677,4.1651163,3.782668,3.8897502,3.741663,4.0598345,3.7466385,3.7246854,3.6361597,3.9330325,3.5792224,3.559957,3.4662788,3.7930894,3.3339522,3.1870346,3.2677567,3.4494689,3.0355134,3.1551905,3.0327964,3.1597397,2.6879854,2.8993437,2.7004397,2.8326054,2.433759,2.802864,2.609525,2.6105292,2.1740077,2.5258408,2.299991,2.2880912,2.0077016,2.4228194,2.169959,2.1770647,2.289088,2.4639919,2.4559655,2.527652,2.6927943,2.749996,2.7748308,2.9811974
3.352603,3.3587642,3.1973877,3.404256,3.3693125,3.316344,3.1655638,3.4131334,3.3138323,3.3008115,3.2157342,3.4291334,3.0565603,2.990456,3.0137544,3.1671941,2.7473705,2.6972868,2.789469,2.9452772,2.444176,2.4309542,2.5165658,2.6961594,2.3701081,2.7578394,2.434137,2.616963,2.29788,2.4459465,2.3790338,2.4812994,2.4993877,2.5193684,2.574519,2.6677067,2.9473863,2.8894596,3.0371737,3.0791974,3.5632923,3.387429,3.5791686,3.6967313,3.8772562,3.831817,3.8658063,4.0598454,3.8235765,3.8622322,3.7675483,4.007753,3.7518816,3.8168387,3.615439,3.9217868,3.6217413,3.5980184,3.466235,3.7787666,3.3654058,3.4340782,3.252875,3.5611176,3.0677593,2.9297602,3.0756135,3.266311,2.598808,2.720989,2.6775503,2.833122,2.385974,2.6456852,2.4958851,2.6122198,2.1299613,2.4386585,2.2261946,2.2998953,2.1148467,2.287833,2.208837,2.2529182,2.2712436,2.7064266,2.3471954,2.38528,2.783407,2.79216,2.845192,2.9404144,3.076934,3.1071885,3.111478,3.3047771
3.36102,3.34085,3.2897494,3.6033132,3.276398,3.3711798,3.2484677,3.5465465,3.0500348,2.9621308,3.0526226,3.2249596,2.7579608,2.5884624,2.8222637,2.9123945,2.4241462,2.3938818,2.5294788,2.5981286,2.2666733,2.4670873,2.3678992,2.3902428,2.2801147,2.4104855,2.3102593,2.3443048,2.5042665,2.521623,2.5029168,2.5366745,2.8605103,2.7861748,2.781223,2.8648076,3.6093554,3.5278053,3.594431,3.7051594,3.8138418,3.8154352,3.7645624,3.9476535,3.8948963,3.9964864,3.85914,4.095518,3.7294562,3.8038607,3.6791954,3.9873385,3.5969,3.6693463,3.5333397,3.891082,3.3938353,3.324648,3.361892,3.6586697,3.0696688,3.1015763,3.1161673,3.3739357,2.7142277,2.8589814,2.8353555,2.9838798,2.2763958,2.627833,2.423499,2.4497993,2.1133983,2.4539618,2.1766245,2.1744595,2.0686073,2.3194172,2.2105181,2.1748793,2.2796087,2.3969307,2.2600446,2.2352607,2.7903728,2.8458812,2.7803137,2.8780644,3.1117506,3.1625502,3.1577334,3.3344326,3.2870934,3.4687073,3.271576,3.6100717
3.2369623,3.1887581,3.1545851,3.416408,3.1926587,3.1991568,3.1696813,3.355767,2.8146691,2.7666273,2.8966649,2.954643,2.514746,2.4911356,2.6473987,2.6289873,2.272493,2.7415848,2.426078,2.4158702,2.3106475,2.5886226,2.4435666,2.4001067,2.509082,2.4198666,2.5466566,2.5975015,2.8801818,2.8634582,2.823907,2.8950856,3.6362154,3.6377378,3.5928276,3.6790516,3.8668177,3.8713858,3.832802,3.9792445,3.886696,3.9804106,3.8764548,4.0141606,3.757822,3.8671827,3.7342384,3.9575167,3.5688,3.7408354,3.490284,3.7836328,3.411623,3.4093587,3.3605955,3.654342,3.0740736,2.9958932,3.039634,3.2942352,2.6973693,2.8294468,2.8113933,2.966339,2.3415473,2.8585172,2.5166395,2.5145628,2.065444,2.6035624,2.2125285,2.155344,2.0420115,2.3633277,2.17133,2.1363616,2.3566492,2.3377085,2.4718676,2.3982425,2.7745168,2.931113,2.7524269,2.7844384,3.1524882,3.1518335,3.2645695,3.3062642,3.2705052,3.3579824,3.2746017,3.462021,3.5278337,3.6227596,3.4843283,3.8309832
3.0855591,3.0730844,3.053902,3.2578802,2.761837,2.8138413,2.7444932,2.890644,2.4557297,2.604628,2.5574687,2.5693564,2.3980768,2.5086548,2.48511,2.447719,2.1981938,2.4466674,2.2319822,2.2046263,2.452388,2.5781188,2.4297366,2.4503934,2.8958528,2.924393,2.7888155,2.915572,3.541936,3.4343832,3.3785052,3.5351572,3.9415798,3.858952,3.9194832,4.057719,3.8165243,3.9548056,3.7451162,3.9519477,3.797794,3.8437674,3.8156896,3.9922402,3.650169,3.8277943,3.6737127,3.9281332,3.3539543,3.5497692,3.3440979,3.6255841,3.0750031,3.1202557,3.0705721,3.398057,2.725293,2.8546531,2.7912762,2.964409,2.3413734,2.5714889,2.5214067,2.5420835,2.1459503,2.3358018,2.2932777,2.1953251,2.0375214,2.4572,2.1872933,2.0597205,2.34159,2.5264208,2.4498878,2.344926,2.8038452,2.7896593,2.8888905,2.8002152,3.118602,3.0967429,3.1014345,3.122008,3.3054593,3.3380804,3.3010519,3.4225245,3.4455664,3.4335766,3.4367294,3.676373,3.4453413,3.5981083,3.370307,3.7907355
2.7285542,2.769143,2.733148,2.9554918,2.4774501,2.5116107,2.5261488,2.6526563,2.3623586,2.4717422,2.5228183,2.47737,2.2520099,2.2821615,2.3056388,2.2217643,2.4550176,2.486503,2.4636872,2.4644976,2.8915336,2.7492173,2.855552,2.873332,3.5811076,3.4439116,3.4828663,3.5748355,3.9734135,3.9460745,3.8920083,3.9813871,3.9629266,4.1138043,3.891937,4.0293517,3.8252597,3.8916285,3.843127,3.9814174,3.6787183,3.7100146,3.7132711,3.8771954,3.4007454,3.5339046,3.412466,3.6519756,3.0174003,3.2080812,2.9940794,3.2966018,2.6501036,2.7742627,2.727616,2.9647758,2.4404376,2.8258982,2.5801528,2.6752834,2.1474135,2.3946981,2.288285,2.257148,2.0422835,2.361442,2.1698256,2.0788367,2.2612414,2.4289923,2.2836828,2.188097,2.7443788,2.7391844,2.674091,2.6482546,3.1398225,3.1669939,3.0921085,3.1040008,3.4610178,3.6188085,3.4354448,3.4757733,3.5081973,3.4716291,3.4822555,3.5486724,3.553944,3.583804,3.597202,3.7890959,3.329622,3.3746662,3.368116,3.6659865
2.4738774,2.4446905,2.5659158,2.8596878,2.31011,2.8386092,2.436212,2.6394212,2.221693,2.4362795,2.3696885,2.384147,2.3979042,2.2811048,2.511585,2.4821398,2.859032,2.881114,2.8949816,2.9028687,3.5323431,3.4610603,3.464851,3.51899,3.852467,3.8517954,3.7613795,3.8126056,3.9367008,4.0689,3.8436916,3.8783627,3.8251498,3.970276,3.6961284,3.7737207,3.6871073,3.7681077,3.582902,3.777539,3.4969385,3.5588813,3.4816344,3.685991,3.0456338,3.192229,3.0413923,3.3523252,2.651617,2.8344722,2.75951,3.1137297,2.2826087,2.7143857,2.4677174,2.7143266,2.1578314,2.447404,2.3643425,2.4482121,2.0046484,2.1557968,2.178307,2.2226791,2.2165945,2.2398283,2.35377,2.3056793,2.6566708,2.657136,2.6804085,2.6292691,3.042952,3.1366038,2.9711146,2.9652567,3.3830328,3.535785,3.3631027,3.3397114,3.5487056,3.5936635,3.443334,3.4876266,3.5311425,3.5351808,3.4639351,3.5291553,3.3664834,3.4095223,3.3876069,3.58154,2.9740298,3.143504,2.9807322,3.3073711
2.3067694,2.4409435,2.4300597,2.7026129,2.2867625,2.4722216,2.4692986,2.587164,2.4453664,2.5210423,2.5671396,2.6099179,2.8991237,2.8414662,2.9065483,2.9253993,3.5310974,3.465742,3.4663773,3.513135,3.7636008,3.8199255,3.6926787,3.709208,3.8736603,3.8984535,3.7802794,3.7799213,3.8117962,3.8742952,3.69642,3.7039647,3.6949399,3.8472316,3.6228178,3.7009928,3.4385777,3.619486,3.4598653,3.5613744,3.0327005,3.0482728,3.0742297,3.284916,2.696753,3.0817742,2.869232,3.1408067,2.2070649,2.786027,2.3998582,2.6747706,2.1009486,2.703438,2.3110719,2.5348933,2.0920684,2.4879568,2.3609607,2.4430242,2.1894546,2.3700683,2.3528142,2.4126532,2.6927323,2.7423708,2.7633464,2.7738998,3.02132,2.95715,3.067604,3.0040584,3.3052428,3.3764083,3.2492604,3.2041242,3.4881613,3.4755857,3.435112,3.4000332,3.6150656,3.790526,3.5755877,3.5681968,3.2723153,3.4165347,3.2652087,3.329276,2.9857793,2.9999306,3.035906,3.2256157,2.5366528,2.652673,2.6662595,2.9683301
2.2171128,2.3974073,2.360061,2.579946,2.3946328,2.5084524,2.4958308,2.6923695,2.8485796,2.80266,2.9403436,2.9937215,3.5483687,3.3769417,3.5516248,3.5839128,3.744642,3.7986147,3.723335,3.7563722,3.825169,4.0077767,3.7773883,3.7873216,3.744155,3.9828434,3.631589,3.6458802,3.7009065,3.9390228,3.634033,3.625819,3.4758253,3.655934,3.4271185,3.4829273,3.0533526,3.1733801,3.0670357,3.188008,2.692818,2.8769782,2.8295686,3.0237732,2.240744,2.629113,2.407527,2.6970985,2.0518377,2.4772213,2.2558434,2.551639,2.0153887,2.188964,2.2536232,2.540017,2.2108073,2.5520124,2.3631237,2.5221078,2.7193768,2.7578988,2.8821332,2.935336,3.0355103,3.1111772,3.1751754,3.1519442,3.21186,3.1914296,3.2484114,3.1531096,3.4664683,3.5047233,3.4100802,3.333276,3.485146,3.58701,3.4496913,3.3777986,3.3806891,3.4948714,3.2895086,3.2774062,3.071393,3.205055,3.1045547,3.1555839,2.6012335,2.807586,2.7394183,2.9158247,2.161458,2.532693,2.3184948,2.6309576
2.2850835,2.3587391,2.3538308,2.5810263,2.7650013,2.739036,2.7943478,2.96629,3.5037327,3.490336,3.526211,3.6098645,3.8888185,3.8132434,3.998471,3.9303575,3.7589562,3.867514,3.7940178,3.7404995,3.7541258,3.9052768,3.7707174,3.753769,3.5836015,3.7071662,3.5488095,3.520765,3.3950162,3.4027247,3.337097,3.3312607,3.1195672,3.2668228,3.1640637,3.2245157,2.7001042,3.0014167,2.8366964,2.9506903,2.2780728,2.8454902,2.4659343,2.6424603,2.0894268,2.6959255,2.299587,2.5300593,1.9128793,2.132826,2.104633,2.3928614,2.163015,2.3412185,2.2987823,2.5647032,2.7103436,2.9346266,2.8139799,2.9617624,3.0819361,3.1974244,3.2177637,3.2726452,3.2386136,3.2577443,3.3329225,3.2797103,3.3911738,3.3418496,3.3964171,3.3108397,3.451731,3.514909,3.4149594,3.3438704,3.259199,3.2727132,3.242102,3.1553042,3.0307422,3.2052302,3.0363297,2.9737184,2.5356395,2.619295,2.630481,2.6237648,2.2025225,2.393112,2.3869803,2.4843676,1.8865361,2.1600652,2.0639932,2.3159826
2.786826,2.6107733,2.7801344,3.012996,3.5525517,3.4756348,3.5383594,3.6682086,3.7694163,3.7122989,3.7753391,3.7673652,3.8953152,3.9123535,3.894627,3.780977,3.78419,3.7422965,3.772014,3.695937,3.6093283,3.6513243,3.5384471,3.4950974,3.4351156,3.590579,3.4016736,3.4093783,3.1389415,3.2037716,3.1586332,3.2047737,2.7537787,2.8431995,2.9016414,2.9800775,2.4226332,2.6610794,2.6578033,2.7441025,2.1908457,2.4820108,2.4195137,2.568147,2.017765,2.1928568,2.2336774,2.4491882,2.2017496,2.4779615,2.2663116,2.5930989,2.7119215,2.852229,2.7790263,3.072645,2.9847658,2.9933398,2.995918,3.1587594,3.2832537,3.3225493,3.290428,3.3685837,3.4514985,3.3780403,3.4168286,3.3873827,3.452538,3.4409761,3.435116,3.342954,3.314274,3.2453828,3.2803605,3.1957347,2.995491,3.0627136,3.0356777,2.983385,2.675128,2.7905993,2.7465734,2.6940215,2.2110617,2.3360236,2.3433614,2.379595,1.923125,2.0201485,2.0477467,2.226904,1.7597702,1.8272456,1.8907262,2.1884336
3.3600771,3.417507,3.2444406,3.605275,3.7416587,3.7885787,3.6597466,3.8596246,3.7686186,3.797662,3.6955245,3.7182062,3.8773556,3.858055,3.785468,3.7743442,3.6161325,3.7042925,3.5573542,3.5598745,3.3615267,3.4648414,3.3633344,3.3405876,3.060117,3.1576939,3.042022,3.0973837,2.7674804,3.123574,2.857835,2.9344938,2.3170445,2.6219192,2.4997234,2.5580616,2.1845393,2.5004609,2.401029,2.4783962,1.9983081,2.4540906,2.2684107,2.398333,2.2522132,2.3654718,2.4741616,2.6748874,2.7309873,2.944153,2.9116511,3.1250536,3.0090678,3.1663697,3.094123,3.355478,3.294399,3.3116565,3.3348944,3.4801486,3.4646742,3.3914301,3.4570246,3.5382273,3.498215,3.4533026,3.4462118,3.4627473,3.2397618,3.2932317,3.229078,3.1854634,3.008041,3.1372817,3.0195012,2.9608486,2.5269616,2.5521004,2.6120312,2.5469356,2.2438016,2.3594348,2.3281932,2.2988904,1.9362109,2.0126681,2.096616,2.129456,1.8290823,1.9297892,2.0055392,2.1647658,1.9788657,2.1661158,2.121124,2.433389
3.627186,3.8012664,3.5363407,4.060916,3.6939664,3.7247741,3.5908656,3.9370093,3.7694654,3.8332803,3.7289934,3.9212816,3.6899092,3.66806,3.6479142,3.6971653,3.3614688,3.3933077,3.3311415,3.3301673,3.0860786,3.0622752,3.1306763,3.118738,2.6569986,2.8542948,2.7332463,2.7306366,2.3841264,2.772152,2.5505168,2.5239756,2.1262114,2.8623443,2.3274868,2.3754015,1.9366938,2.292824,2.1405942,2.275372,2.2445908,2.5560374,2.3941035,2.6820524,2.6940062,3.010667,2.8320365,3.2358947,2.9246385,3.144575,2.9992251,3.4589255,3.178445,3.2445848,3.1457708,3.607212,3.4250033,3.4257643,3.3261971,3.6366131,3.4102404,3.4090352,3.2960606,3.5003548,3.305378,3.301132,3.2782376,3.2959967,2.922617,2.9044943,2.9770563,2.8463085,2.5472767,2.5657609,2.699147,2.5275013,2.1308682,2.4271834,2.3510485,2.1302402,1.9848206,2.1645105,2.2012923,2.0826917,1.7750634,1.9370482,2.0259035,2.0272558,1.9600744,2.138696,2.1161335,2.3372605,2.246934,2.430892,2.3287911,2.7870393
3.5378249,3.6767523,3.3892992,3.8990886,3.6523464,3.6851275,3.4990485,3.9165535,3.5438528,3.677674,3.4570487,3.718919,3.435159,3.6276765,3.372173,3.5293484,3.0209246,3.181228,3.0176055,3.130586,2.693546,2.9388535,2.8244286,2.8489425,2.3209674,2.6626613,2.541678,2.5503764,2.2198133,2.6701899,2.4798048,2.4438806,2.0918136,2.47564,2.3826973,2.4217472,2.2523477,2.4349642,2.4666111,2.588362,2.5830522,2.7595189,2.6666176,2.965511,2.9580626,3.1536777,3.0159123,3.4415348,3.1226895,3.312895,3.0828507,3.5518177,3.393774,3.4545438,3.2733672,3.722403,3.437097,3.3656712,3.3456676,3.7045066,3.2267265,3.3332572,3.1921785,3.4362779,2.9608629,2.9911559,2.9832506,3.0418983,2.5245748,2.5454147,2.6388817,2.579746,2.2033348,2.3135252,2.4295714,2.2937586,1.8774158,2.124264,2.0908628,1.9676056,1.8495678,2.0625567,2.0578015,1.982215,1.9131671,2.070772,2.1066518,2.1578667,2.2421358,2.3559978,2.3111925,2.57935,2.646891,2.643772,2.6434953,3.1394897
3.539662,3.758597,3.4204934,4.0352,3.543506,3.639892,3.435287,3.935537,3.4268067,3.5667078,3.3975348,3.7201633,3.1920657,3.2375402,3.3002431,3.441212,2.7583628,3.360001,2.9985175,3.0410285,2.309031,2.6155066,2.6463976,2.5228808,2.1089098,2.5235462,2.3923383,2.2653127,1.9974742,2.3212552,2.257452,2.155916,2.2201507,2.5249746,2.367655,2.4166946,2.7097864,2.8154671,2.8204734,2.9647253,2.9305286,3.1628375,2.9465475,3.2708385,3.1589653,3.33203,3.1286056,3.6291997,3.344252,3.4719164,3.2893293,3.7947493,3.4002755,3.448758,3.3580487,3.8651366,3.2443976,3.1893623,3.2470436,3.6177447,2.9549096,2.91664,3.0911067,3.3031173,2.6028435,2.6130366,2.8377092,2.8595157,2.1494055,2.3151634,2.490608,2.2973254,2.0286245,2.1575918,2.3972201,2.185715,1.8185892,2.1247873,2.1848273,1.9387584,2.0104072,2.1893592,2.240563,2.105308,2.3221807,2.4423287,2.519963,2.5260649,2.6478612,2.7883143,2.7077405,2.9915323,2.9542649,3.040238,2.8975987,3.4425304
3.5276504,3.6626537,3.5050542,3.8147144,3.350262,3.280132,3.3211417,3.572014,3.172395,3.2785852,3.3058505,3.4020157,2.7564065,2.7947311,2.9868453,2.9968972,2.4004626,3.0011206,2.713109,2.6554317,2.1146889,2.7245314,2.4140632,2.300275,2.0124931,2.242485,2.2635424,2.2180004,2.270904,2.4565108,2.4203014,2.4546707,2.7106423,2.8868668,2.8705525,2.972428,3.004495,3.0813134,3.156221,3.3085852,3.2209487,3.2661002,3.2937727,3.5179112,3.4020011,3.3650486,3.440214,3.746123,3.4299445,3.4538126,3.4662051,3.7882235,3.2775247,3.2864368,3.3283916,3.6019661,3.0042856,2.9426992,3.0923378,3.277429,2.4586172,2.6109548,2.5798743,2.7014978,2.1626763,2.1158319,2.3846352,2.3249743,1.9013926,1.9481831,2.1489792,2.053171,1.8252939,2.1293023,2.0917094,1.9773746,2.0331388,2.203151,2.3201685,2.2346635,2.3462741,2.2886405,2.4945827,2.469876,2.6972034,2.8302586,2.8056035,2.954945,3.0536768,3.2180362,3.1604986,3.417802,3.1814585,3.169029,3.1805313,3.6033068
3.3520136,3.4918728,3.3762138,3.526919,3.13223,3.313988,3.2683775,3.288047,2.7016602,3.022948,2.9269052,2.864874,2.3101814,2.712323,2.58007,2.4626997,2.066058,2.416987,2.3597398,2.2254627,2.0063953,2.4892516,2.2797027,2.2637086,2.2245312,2.380134,2.3808122,2.4474478,2.731177,2.9032657,2.7739365,2.9695885,2.9868367,3.0391402,2.9679456,3.212446,3.2713354,3.204997,3.3034308,3.5119336,3.4377186,3.4103034,3.4541364,3.6847398,3.3928213,3.5365489,3.4092875,3.6550436,3.2526784,3.4021173,3.2781665,3.5117755,2.9223065,2.9841454,3.00843,3.1913836,2.555418,2.6558995,2.7276762,2.7788177,2.0872805,2.300912,2.3008041,2.277883,1.9026405,1.9251782,2.143843,2.0613992,1.7744166,1.9220103,2.0358646,1.9310035,1.9198364,2.0278685,2.041591,2.0616107,2.2908163,2.3374374,2.3863952,2.4660976,2.8429193,2.8111525,2.87315,3.0385263,3.0189784,3.0791876,3.0019255,3.259828,3.2813838,3.293745,3.2401834,3.6002512,3.3815491,3.3797839,3.382783,3.8276331
3.0440912,3.0414333,3.1436617,3.3800557,2.7288127,2.9022636,2.922865,2.9885986,2.3604395,2.840776,2.6799076,2.5496893,2.0756967,2.596072,2.4025533,2.1823032,1.9616077,2.4804418,2.2398136,2.0988514,2.2211645,2.4021552,2.3966413,2.3478255,2.724221,2.8501902,2.792193,2.8894577,3.0266755,3.1712477,3.0316958,3.2164757,3.2443705,3.353853,3.15959,3.447583,3.522239,3.5037608,3.4815245,3.8375971,3.450531,3.5053008,3.4203005,3.748682,3.247332,3.2625442,3.3057106,3.6233728,2.9673033,3.0828214,3.081113,3.3299198,2.5171938,2.6266026,2.737025,2.8411853,2.2192264,2.3445325,2.415975,2.4477189,1.8716314,1.9935312,2.096608,2.0505373,1.7842833,1.7687747,2.0287566,1.8971016,1.9003322,1.9987354,2.0258503,1.9480239,2.2730432,2.399035,2.2920487,2.3020604,2.7323558,2.7704914,2.7520876,2.8762703,3.148145,3.2389219,3.1136076,3.2895143,3.3040009,3.200694,3.3112385,3.512604,3.4183433,3.4548244,3.483735,3.815987,3.2446315,3.2509117,3.3687897,3.729897
2.6192243,3.1984649,2.7579074,3.204205,2.3147037,2.925113,2.605941,2.8244677,2.0407925,2.5674965,2.366714,2.3352766,1.909698,2.149113,2.1655958,2.1005473,2.2274632,2.4146783,2.4249632,2.3715732,2.6383607,2.8591754,2.7072175,2.7302392,3.0206604,3.0943615,3.0578358,3.1131468,3.3403547,3.4390492,3.3740718,3.4695184,3.4768496,3.5220988,3.4263186,3.6295252,3.4873617,3.4761088,3.5292723,3.7386107,3.2965252,3.367008,3.380156,3.6851516,2.9016943,2.9773674,3.012287,3.3440828,2.505303,2.6909697,2.653673,2.9707541,2.1174073,2.4196212,2.3776014,2.570126,1.8747064,2.165859,2.1470437,2.2343757,1.8100009,2.0015767,2.1301057,2.1102335,1.9018029,2.0699406,2.134753,2.0838134,2.2482119,2.3672535,2.3922606,2.3338614,2.7329056,2.5950747,2.774745,2.7887073,3.0326335,3.1094563,3.0224047,3.1396122,3.3766382,3.4799101,3.257541,3.4385424,3.362136,3.4151514,3.3009634,3.5058007,3.2370753,3.2648728,3.2704985,3.599665,3.0256214,3.1143715,3.1479964,3.551455
2.2617786,2.6994638,2.430792,2.844021,2.127503,2.5089595,2.3402703,2.526681,1.9223049,2.108289,2.1469605,2.1751912,2.1510599,2.2245111,2.3239202,2.2872543,2.6161385,2.7938187,2.706586,2.6869469,3.0083263,3.2018523,3.0977583,3.0867813,3.209354,3.26569,3.2345476,3.2350018,3.4526033,3.4829412,3.4251063,3.494816,3.4685147,3.4602072,3.4146996,3.5839546,3.2541776,3.2233055,3.178417,3.4449098,3.0297964,3.1512744,3.0541148,3.3825448,2.4573221,2.682867,2.5319684,2.9307952,2.2278326,2.461576,2.4042134,2.7327921,1.7989157,1.8893721,1.9841162,2.2375417,1.8379515,1.9845647,2.0232892,2.1655529,1.9149814,1.9977365,2.0918334,2.164974,2.286231,2.1484604,2.418098,2.4201167,2.706737,2.670426,2.798097,2.7815084,3.053795,3.202395,3.0305135,3.0683043,3.2918265,3.2631164,3.2645342,3.3361285,3.4726484,3.6539726,3.3899083,3.5721962,3.2298095,3.214785,3.186689,3.3976412,3.0430887,3.159057,3.067478,3.431576,2.5232222,2.5347323,2.5853534,3.0100644
2.0906975,2.6858263,2.3789198,2.7944973,1.9628435,2.3181977,2.179697,2.4802227,2.2113492,2.2579794,2.4090931,2.5287793,2.6176696,2.7186399,2.6605096,2.7168481,2.9029212,2.910994,2.8706703,2.8927202,3.1941574,3.243603,3.0950634,3.0768578,3.4756148,3.4897666,3.3341794,3.2952774,3.4941602,3.622252,3.3727067,3.3432786,3.3497047,3.406455,3.2443368,3.3131616,2.9399211,2.986519,2.9635632,3.1241362,2.5874057,2.7161937,2.7352748,2.9377363,2.1869218,2.5651972,2.4069128,2.7397902,1.9298096,1.991935,2.1322389,2.525908,1.8010732,1.8996882,2.0546887,2.4007432,1.9758437,1.9932969,2.0943158,2.365118,2.3089066,2.2798388,2.3646517,2.535457,2.6930277,2.6014144,2.7038143,2.7804723,2.9628792,2.9522676,2.8701856,2.8229504,3.276995,3.2096732,3.2098083,3.137339,3.4865825,3.4942944,3.489671,3.3734677,3.296677,3.509775,3.2218475,3.227391,3.031141,3.0668504,3.0339952,3.167035,2.5834124,2.720953,2.6775188,2.9401588,2.1210616,2.291933,2.2634642,2.7189786
1.8776883,2.1626189,2.1083944,2.7108247,2.2239923,2.371137,2.393041,2.8137016,2.6264997,2.688962,2.7932944,2.9317527,2.9767303,2.9948192,3.0924535,3.0652754,3.1296003,3.247604,3.1384838,3.0097458,3.4590082,3.5554547,3.4054658,3.1749666,3.4669518,3.5714526,3.4053643,3.1382606,3.3570414,3.5259502,3.3560147,3.1161087,2.9834824,3.107947,3.039147,2.9088736,2.5833123,2.8821924,2.808872,2.8603213,2.102135,2.22981,2.3740394,2.606141,1.9414749,2.0674777,2.2078042,2.6817617,1.7788612,2.036482,1.9959439,2.611943,1.9573716,2.1012778,2.1598868,2.748456,2.3324127,2.3364544,2.4844873,2.8332028,2.6538832,2.6358554,2.706204,2.863453,3.0257418,2.9917028,2.9995878,2.9504888,3.3115318,3.3541446,3.313405,3.0758955,3.4035428,3.4571953,3.3636196,3.065539,3.316136,3.4121585,3.3712506,3.0167325,3.1093068,3.2585034,3.1762276,2.9237337,2.6405716,2.7984462,2.8909576,2.7432544,2.0911057,2.5446475,2.3472505,2.518777,1.7309558,1.9886496,2.0251496,2.491463
2.1404598,2.4443247,2.338659,2.8055723,2.6237416,2.7520998,2.7548313,3.0789645,2.942601,2.9282484,3.0833063,3.1653175,3.2336242,3.1975017,3.2991846,3.2642374,3.3870497,3.4189227,3.3502212,3.275321,3.4040735,3.4277275,3.3228092,3.2279787,3.326941,3.3225853,3.285238,3.1770275,3.0156546,3.1236024,3.0536568,2.9233758,2.6522152,2.731192,2.81522,2.7427783,2.2419035,2.3362136,2.506453,2.5576403,2.0505886,2.2423162,2.4402547,2.5739903,1.9095477,2.3030233,2.2536454,2.5763807,2.009973,2.2449477,2.250118,2.6780005,2.2775629,2.3030467,2.4224308,2.8296645,2.7858517,2.8011208,2.8922956,3.202188,3.0473664,2.9575853,3.078801,3.2120643,3.2545397,3.2116022,3.2139325,3.2367833,3.4067314,3.297911,3.4041796,3.2660296,3.2781255,3.347364,3.2452884,3.075226,3.032608,3.1167917,3.0430336,2.8811667,2.6699078,2.8133402,2.7042763,2.5803304,2.1606472,2.1969259,2.3296807,2.320467,1.8385713,2.0282528,2.135723,2.2815115,1.5392613,1.8116605,1.855005,2.225687
2.5542307,2.8660252,2.720668,3.1456716,2.930927,2.932433,3.0807579,3.3323715,3.204273,3.2616196,3.354019,3.3952796,3.4705973,3.418456,3.4902055,3.4950836,3.3948805,3.455618,3.3758748,3.3813722,3.2803752,3.361898,3.2830513,3.2886431,3.006703,3.0507536,3.0265124,3.0386617,2.6628072,2.860284,2.856017,2.78749,2.188944,2.6208699,2.3981678,2.4068725,2.0203338,2.131952,2.3775911,2.4393148,1.8273445,1.9613507,2.184091,2.356155,1.9764806,2.2520115,2.2193766,2.5519004,2.3490877,2.5768344,2.575221,2.953523,2.6442032,2.731865,2.7430177,3.141264,3.0487585,2.943943,3.0618567,3.354937,3.310683,3.3925455,3.3170252,3.4762783,3.4221015,3.3899627,3.4230633,3.4668682,3.2195997,3.2270753,3.2807353,3.1636314,2.9592257,2.9027998,2.9794688,2.8595102,2.6441007,2.7548459,2.7780669,2.6027317,2.2528539,2.473387,2.4887338,2.33357,1.8737515,2.233694,2.2560668,2.1705744,1.6409426,2.07757,2.054433,2.1469712,1.7106423,1.9491355,2.1333213,2.3829598
2.843737,2.9012911,2.9136882,3.2853405,3.1042712,3.0995004,3.1012475,3.3345003,3.405601,3.4764338,3.4500299,3.53161,3.505234,3.4328077,3.5043454,3.546214,3.2732503,3.3653169,3.3130534,3.3808925,2.9995947,3.1091785,3.0948968,3.1709483,2.6100583,2.6775508,2.7409675,2.8194048,2.2907596,2.491425,2.489259,2.547979,2.0051148,2.2227626,2.264755,2.3419557,1.9062802,2.041238,2.301049,2.3416426,2.0169113,2.276725,2.2976525,2.4677489,2.3437905,2.440865,2.5753589,2.7795012,2.7405708,2.8891895,2.9315207,3.1729324,2.9835722,3.1021385,3.047783,3.3339975,3.311739,3.3170822,3.2990172,3.5416024,3.3807788,3.3005629,3.3908186,3.5766728,3.2388911,3.2301276,3.2134392,3.344494,2.9809606,2.9741766,3.0337327,3.0811439,2.6044707,2.6002579,2.6783617,2.7035677,2.2513592,2.2912776,2.4608254,2.4306996,1.9597088,2.2378416,2.2367256,2.2084553,1.652266,1.7323344,2.0155392,2.0119264,1.7658833,1.8527488,2.1242979,2.268066,1.9175841,2.270609,2.1732223,2.4597275
3.009535,3.2288263,2.9931257,3.3577547,3.3319082,3.4156656,3.2257464,3.538883,3.5190158,3.6192036,3.4898572,3.6601374,3.3979752,3.386894,3.394214,3.5268972,3.0434926,3.2063155,3.0999346,3.267432,2.5563042,2.7159224,2.6423705,2.8113189,2.2793586,2.5960307,2.4322124,2.632364,2.007862,2.0295084,2.2356954,2.3605864,1.9691508,2.2772434,2.33481,2.4176166,2.0443518,2.0707195,2.4113693,2.4408097,2.3511577,2.4029188,2.651981,2.7202764,2.689771,2.8598406,2.8936539,3.0341232,3.048671,3.2539606,3.1780472,3.352132,3.2502308,3.292451,3.310158,3.5304606,3.4147081,3.4358358,3.3725564,3.6061182,3.3455768,3.5211904,3.3593805,3.5837963,3.0423775,3.0814137,3.0743237,3.2433593,2.6097279,2.587157,2.6993945,2.8183384,2.1954362,2.3066516,2.3500304,2.4838846,1.871689,1.952695,2.155053,2.2170703,1.7752554,1.869582,2.0947614,2.1268065,1.6730472,1.9193985,2.017974,2.0739453,1.9919994,2.0166545,2.3816483,2.4559522,2.3605776,2.642301,2.6333892,2.8523302
3.3084576,3.426662,3.3139324,3.6981053,3.4120712,3.5339506,3.3411708,3.676253,3.3975148,3.594851,3.5002246,3.6970782,3.0852726,3.1952338,3.2035208,3.3793705,2.6457987,2.8432775,2.8652241,2.971898,2.3027592,2.763309,2.5994883,2.7160726,2.0050669,2.2094893,2.3590894,2.4492178,1.914315,1.9247762,2.2627933,2.310907,2.0363631,2.0969002,2.3467128,2.4003499,2.3779476,2.4792762,2.656564,2.7123058,2.6532729,2.699176,2.8204467,2.94171,2.9870791,3.080899,3.031982,3.2564826,3.3260205,3.4645782,3.3657503,3.5731368,3.3424022,3.4991713,3.3928254,3.6216295,3.33111,3.4130406,3.3586745,3.5900278,3.0228517,3.1383579,3.1043463,3.3229527,2.6648982,2.770856,2.831092,2.949745,2.222729,2.379052,2.4929373,2.5948997,1.8145541,1.9952652,2.1100657,2.2489269,1.7270803,1.8053559,2.1112943,2.1686368,1.7919061,1.8521852,2.1477225,2.164701,1.9415926,2.0244484,2.2250676,2.284614,2.3746946,2.3840082,2.6133912,2.7419229,2.7982836,2.9542944,2.9478033,3.2090874
3.338063,3.4476702,3.3887343,3.7205052,3.221577,3.328724,3.2377408,3.5427144,3.0121462,3.1055744,3.1373355,3.3462203,2.6008074,2.6698701,2.792167,2.9646225,2.2216933,2.3863423,2.5196428,2.6536088,2.0037615,2.268559,2.3352556,2.4739068,1.8805511,2.2233586,2.1513143,2.363771,2.071946,2.3664727,2.349871,2.4705465,2.282427,2.3831494,2.4975374,2.6413915,2.7339625,2.8296921,2.9371133,3.0397804,3.0061696,3.1331394,3.1188083,3.2428415,3.2333229,3.3648853,3.2626612,3.431597,3.271432,3.2899745,3.2698872,3.4911726,3.2254183,3.3589854,3.285918,3.5342927,2.9613066,3.1110582,3.0244057,3.2290359,2.6183734,2.7310946,2.8306673,2.9912784,2.1689146,2.2487347,2.4215593,2.550784,1.8075601,2.0505748,2.1068268,2.230778,1.6795104,1.9202778,1.9694345,2.1127813,1.7008746,1.9071094,1.9966772,2.1056635,2.065396,2.0395594,2.332433,2.372284,2.314357,2.350757,2.5388706,2.6816328,2.7943308,2.915183,2.968098,3.1602907,3.1462727,3.4030833,3.3062704,3.584167
3.1943476,3.5122075,3.2630637,3.5953496,2.9416094,3.110785,3.060142,3.3048966,2.6043723,2.719385,2.8626597,2.9861293,2.2780042,2.478636,2.661528,2.7020004,1.9814345,2.284264,2.3781521,2.427068,1.9005419,2.2423716,2.2533786,2.3092165,2.0693395,2.2166252,2.3685987,2.4354808,2.3615828,2.5470996,2.5663176,2.6194634,2.7806437,2.846587,2.9784076,3.0241408,3.0385203,3.11694,3.1694088,3.2627535,3.275526,3.2618659,3.3776255,3.4829018,3.302636,3.3883603,3.347552,3.4987247,3.176971,3.4199889,3.2118485,3.4546242,2.9745739,2.9397242,3.1148665,3.3293464,2.6160953,2.8103347,2.7806463,2.9575257,2.1523254,2.446406,2.4382398,2.559124,1.8095195,1.8406358,2.1028836,2.1659675,1.6563877,1.8033909,1.9779471,2.030884,1.7116194,1.9883039,1.9376522,1.9967984,2.0329282,2.252499,2.3388164,2.3691847,2.4043458,2.452081,2.5699863,2.6344936,2.8027353,2.7984667,2.98703,3.0656936,3.1227744,3.2550266,3.2854657,3.466969,3.2638333,3.4106631,3.3164945,3.5999696
2.923569,3.0385303,3.0678542,3.3561974,2.6800058,2.7631419,2.9623885,3.1364884,2.224974,2.4852812,2.5457668,2.6061833,2.1327834,2.4857132,2.5373185,2.5256326,1.8006575,1.9603868,2.1873825,2.1563334,1.9866703,2.208412,2.2458498,2.2685397,2.3949492,2.6673365,2.569214,2.5971904,2.799599,2.9311569,2.9709008,2.9281616,3.0924463,3.2447922,3.1979754,3.230975,3.3826659,3.439928,3.583058,3.6034408,3.4118166,3.400424,3.5405815,3.6522093,3.2023525,3.4304447,3.3171773,3.501258,2.8957713,3.035926,3.0296917,3.2942314,2.4775157,2.6137483,2.6993375,2.9682357,2.2009342,2.5279284,2.4893668,2.6237571,1.8280673,1.9881643,2.2385716,2.24582,1.6949468,1.8814383,2.1385894,2.0562503,1.6745929,1.7538402,2.0896676,1.950605,1.9330966,2.1218174,2.1428037,2.0838993,2.3839605,2.3737655,2.518525,2.5272715,2.9674823,3.029261,3.0240366,3.0459268,3.1892314,3.3687627,3.3160124,3.3775594,3.48888,3.5890512,3.714802,3.8724282,3.3205233,3.6281302,3.50379,3.7966533
2.5395937,2.7499034,2.7533484,3.0061088,2.2298331,2.4499874,2.530785,2.6766062,2.0346737,2.3362582,2.4512146,2.4275086,1.9007475,2.1181726,2.3221688,2.2149525,2.0057282,2.3082414,2.4032326,2.2948084,2.3375337,2.4561107,2.6543736,2.4893084,2.7414644,2.892777,2.8624017,2.7852268,3.1094465,3.202743,3.1626015,3.0673132,3.4505541,3.61211,3.561786,3.494471,3.4361498,3.589522,3.5698254,3.5704455,3.2905035,3.409645,3.4630408,3.5586805,2.9209192,3.1197698,3.1096923,3.294551,2.5343623,2.693811,2.7867556,3.0162616,2.0389142,2.3708634,2.320171,2.5587025,1.862392,2.1238997,2.248458,2.3382685,1.5361223,1.6977206,1.9797674,1.9195118,1.6376233,1.8425384,2.0080583,1.8777721,1.883916,1.9002948,2.180195,1.9901937,2.3254106,2.3914046,2.4211965,2.3011603,2.8599875,2.9817762,2.9215705,2.8578753,3.2408738,3.3424814,3.2474072,3.241707,3.5167177,3.6227703,3.6479712,3.669839,3.3750362,3.4962738,3.5752785,3.7322457,3.0279655,3.3102014,3.2522695,3.5431592
2.2215521,2.2370808,2.4904532,2.827698,2.1145284,2.313017,2.449249,2.6549184,1.969681,2.3613875,2.431677,2.335913,2.098459,2.1190944,2.47706,2.2606812,2.3474026,2.4431014,2.6022413,2.3524423,2.6864653,2.8663642,2.7697012,2.5230937,3.067393,3.1778746,3.023949,2.770888,3.399498,3.538219,3.4281168,3.1388361,3.504228,3.4902956,3.6013072,3.39878,3.290807,3.3536675,3.4652221,3.4231248,2.9824312,2.989963,3.2111394,3.3682365,2.5357594,2.6142323,2.7770662,3.109037,2.0988321,2.3336723,2.425384,2.814903,1.8566377,2.0709672,2.211364,2.5724068,1.6404139,1.8139153,1.9658566,2.063278,1.6920961,1.827689,2.1161182,1.9534062,1.9356427,2.0170023,2.25689,1.9707463,2.3451283,2.2446644,2.5608468,2.1929932,2.8403838,2.9493787,2.8805923,2.51662,3.1762726,3.2350123,3.1460001,2.8586478,3.5216377,3.6063998,3.4916823,3.3069382,3.3808403,3.5705063,3.4450672,3.4310539,3.0140283,3.1343956,3.151076,3.3904235,2.652369,2.9023685,2.8167956,3.292572
2.0540287,2.070168,2.3958611,2.7673929,2.0367365,2.3642523,2.4536173,2.5912545,2.1640341,2.2871234,2.6690967,2.4498527,2.419248,2.5780094,2.775684,2.4357033,2.7302701,2.9059036,2.918533,2.5174224,3.021663,3.0576403,3.0553277,2.6445072,3.298113,3.441918,3.2594514,2.8371031,3.4812305,3.5601661,3.4632852,3.0914803,3.3045104,3.4960787,3.278822,3.1216483,3.0308616,3.1695921,3.1136575,3.1962328,2.553284,2.6730342,2.7665465,3.0170205,2.202055,2.3185763,2.5656397,2.9532857,1.8813945,2.0246406,2.3131201,2.7478368,1.6920516,2.115938,2.1765437,2.546594,1.7111747,1.9450623,2.1052163,2.1944246,2.0220308,1.997541,2.4132283,2.2605965,2.2872865,2.4548032,2.4175262,2.153128,2.7321482,2.669585,2.7053208,2.3225312,3.1253188,3.2343035,3.001062,2.5878103,3.3690467,3.5137084,3.235487,2.8537393,3.4667861,3.420192,3.375356,3.147633,3.118813,3.3838856,3.1754918,3.1378977,2.7223897,2.8766286,2.9027176,3.1684952,2.2611117,2.5700352,2.5775664,3.092466
1.9594649,2.0236526,2.322165,2.7189429,2.1662495,2.236157,2.4880478,2.68238,2.4144735,2.6001768,2.697715,2.5406246,2.8420591,2.6900897,3.02179,2.6861978,3.0486362,3.1434565,3.0333085,2.6881263,3.2338583,3.3423362,3.1547687,2.7183816,3.4462595,3.5087683,3.370551,2.865959,3.2941198,3.4029894,3.2896008,2.7926533,3.0672503,3.0640664,3.175694,2.8918576,2.6373754,2.9867015,2.864575,2.8402371,2.1813304,2.3568747,2.5498953,2.7194512,1.8686451,2.0724256,2.2520545,2.686647,1.6007142,1.6995568,1.9920946,2.5051234,1.703733,1.7150713,2.0591605,2.4868925,1.9856905,2.1169233,2.2479668,2.3754253,2.3739283,2.3263838,2.5755453,2.463083,2.8218596,2.6925755,2.9027557,2.571314,3.056619,3.0792377,3.0515807,2.5655951,3.4166403,3.410985,3.3499773,2.7638521,3.3897538,3.508659,3.327202,2.754577,3.1325002,3.2490575,3.143405,2.702692,2.7358289,2.875739,2.8500752,2.6867616,2.2443392,2.4367037,2.5048764,2.6755652,1.7638986,2.310071,2.0801108,2.582034
2.1087947,2.1397798,2.4732895,2.8354936,2.448828,2.6940591,2.6642787,2.8943052,2.8309727,2.9429948,3.020809,2.9600785,3.1074178,3.046765,3.262438,2.9568644,3.3183472,3.2952528,3.3511465,3.000569,3.4433756,3.5403557,3.4165888,2.9676785,3.334003,3.4840884,3.3306155,2.7681642,3.11593,3.3450809,3.2052917,2.684316,2.7401063,2.881027,2.9567318,2.609321,2.2419682,2.453961,2.5303078,2.4656081,1.9467331,2.069322,2.3825572,2.5225194,1.6939788,1.8902732,2.112207,2.5114188,1.6859229,2.2247274,2.0837648,2.5966864,1.9593034,2.0044994,2.25106,2.706582,2.4260228,2.5073948,2.6542659,2.8654058,2.839228,2.8268654,2.9678848,2.919453,3.1066747,3.0170732,3.1932838,2.870566,3.3706656,3.2375486,3.378034,2.9170296,3.37481,3.4788759,3.3145318,2.7399929,3.1093006,3.3039837,3.1034787,2.5488234,2.8708858,3.0738776,2.9779177,2.5116687,2.3494704,2.4878783,2.6241784,2.3715475,1.8290994,2.3479948,2.182738,2.282515,1.4780773,1.877925,1.8863428,2.2708392
2.2250607,2.2949915,2.5359244,2.7857969,2.7413619,2.7834032,3.0108404,3.0992658,3.122201,3.076419,3.3531432,3.2272127,3.429102,3.44284,3.5916636,3.3610637,3.556369,3.5668397,3.668073,3.4560323,3.3397484,3.4827974,3.4112995,3.125508,3.0860155,3.229365,3.0652997,2.7883828,2.877635,3.2158115,3.0202672,2.735396,2.2893605,2.461562,2.5752394,2.3808117,1.9830602,2.143302,2.4644072,2.3609405,1.6800203,1.8194861,2.1956797,2.258967,1.7160941,2.0053418,2.2053616,2.385773,1.9761215,1.9745867,2.3970432,2.699724,2.3578596,2.4258566,2.640243,2.9764156,2.9276674,2.7923608,3.1316717,3.238939,3.210979,3.1587746,3.3560054,3.3003073,3.4120038,3.2157547,3.4167168,3.2367058,3.4424453,3.4855328,3.4716733,3.1631587,3.1030276,3.1335392,3.0810637,2.7083333,2.9319012,3.0442748,2.987484,2.65917,2.4694672,2.818494,2.683048,2.3886585,1.9172318,2.084659,2.2963572,2.092046,1.5867691,1.9557296,2.1087058,2.1417475,1.4109329,1.7060158,1.9800328,2.1778967
2.6545095,2.6968472,2.8708296,3.133658,3.1079726,3.1933408,3.2775137,3.3934085,3.3691108,3.2993898,3.603854,3.4804664,3.5284674,3.4812553,3.7081032,3.5672202,3.3915992,3.48459,3.5002234,3.4273257,3.095528,3.0953658,3.155491,3.0968263,2.750639,2.8765035,2.8254008,2.7902296,2.412828,2.6243417,2.731118,2.5833845,1.948665,2.077078,2.336565,2.273602,1.7451576,1.8859274,2.2637439,2.2126129,1.7451591,2.0837226,2.2005458,2.2742584,2.0035028,2.1561828,2.3527703,2.5509887,2.3624275,2.4724076,2.586322,2.8561115,2.8640332,2.8598988,3.0470228,3.2788002,3.1259093,3.1452053,3.205383,3.3470554,3.4655595,3.3523319,3.520061,3.5711067,3.3847966,3.274448,3.4181435,3.3768432,3.1009676,3.0061066,3.121702,3.0460782,2.8636017,3.0767179,2.895151,2.8261757,2.419842,2.5899577,2.6312947,2.4850867,2.0170903,2.2298944,2.3723342,2.1869617,1.5907186,1.8575236,2.0806375,1.9188578,1.4208056,1.5178138,1.9726273,1.9315927,1.634618,1.9796966,2.1347487,2.265685
2.9042816,3.0055892,3.0093708,3.25708,3.3100343,3.2863848,3.3905892,3.555622,3.483179,3.6903865,3.5802767,3.6033912,3.4577947,3.4017925,3.6020713,3.5605712,3.1233444,3.2558012,3.2327735,3.3042314,2.7624214,2.9276783,2.974698,2.9826403,2.280687,2.3439589,2.4904556,2.5667512,1.994598,2.2610576,2.3308234,2.3422408,1.7628084,2.0377817,2.2245266,2.1801903,1.7619634,1.947173,2.2337224,2.2408385,1.9901329,2.2754068,2.365747,2.4564004,2.3548036,2.3788977,2.5885522,2.8194053,2.806776,3.0705867,2.9229393,3.20759,3.1173089,3.126229,3.1483138,3.4244938,3.52975,3.4429424,3.5038328,3.7381911,3.3949633,3.4461946,3.3799706,3.568253,3.2125552,3.1437683,3.2711666,3.3629029,2.827815,2.9234228,3.0118012,3.0319493,2.370011,2.5193317,2.6127572,2.5910223,1.9253134,2.0185802,2.242026,2.165895,1.6589854,1.9059364,2.048892,1.9578962,1.4393882,1.6294507,1.9134606,1.8228835,1.6033094,2.0625632,2.0062242,2.0815754,1.9271717,1.962206,2.2317774,2.4274395
3.231779,3.306931,3.241653,3.4543712,3.505068,3.6527352,3.51947,3.687574,3.3457074,3.4157708,3.3941686,3.4578164,3.1613553,3.118582,3.1765478,3.263766,2.7996352,2.8136766,2.9237955,3.0572367,2.350187,2.2908766,2.574759,2.672069,2.0092278,2.352201,2.2504048,2.3899515,1.8655801,1.9212636,2.234631,2.245465,1.7977157,1.9132614,2.2475543,2.1597989,2.037659,2.1161935,2.4740705,2.4011884,2.3411481,2.3509157,2.609836,2.6663961,2.8315609,2.9549856,3.010234,3.1262321,3.12606,3.3030558,3.2172682,3.3803575,3.4038713,3.452746,3.3603776,3.5866544,3.4878664,3.5294895,3.484371,3.6833675,3.1587481,3.1413026,3.1893246,3.3930233,2.8629754,2.7947233,2.9140034,3.09922,2.3178751,2.5302923,2.5104449,2.6294668,1.9465312,2.0562184,2.2161434,2.3014743,1.6434143,1.686571,2.044227,2.0396614,1.461211,1.6936532,1.796737,1.7785597,1.5736456,1.6698927,1.9706087,1.9671932,1.9109637,1.9711307,2.1821053,2.3028796,2.3948264,2.4877279,2.5644848,2.75464
3.3921595,3.534662,3.3106275,3.6162403,3.360707,3.368305,3.3083842,3.5461328,3.257991,3.2467597,3.3064115,3.394374,2.8669848,3.0609708,3.0310771,3.0705366,2.3459637,2.4296052,2.5912116,2.6614249,1.8736404,1.914499,2.1987066,2.1971762,1.8077835,1.9473443,2.160058,2.1714656,1.8239744,1.8676752,2.1900387,2.122811,2.00904,2.1473877,2.4015412,2.3669531,2.4038403,2.5053935,2.7860448,2.7663035,2.8660862,3.0095503,3.0808818,3.2068913,3.1518395,3.3229659,3.2643435,3.4623568,3.3726287,3.4508696,3.3938863,3.6218753,3.3985312,3.3909698,3.35087,3.6061459,3.152432,3.1992989,3.1065357,3.3414583,2.8951495,2.9278092,2.9505904,3.1401706,2.3974621,2.3992586,2.535887,2.6670115,1.9080851,2.0004895,2.202101,2.2154458,1.6286912,1.771265,2.0062513,1.9873469,1.4699197,1.5254748,1.9018574,1.829313,1.732286,1.7968392,2.1254563,2.0574825,1.9356667,1.9891707,2.2636971,2.2792144,2.361535,2.5831363,2.5280647,2.7070925,2.8341427,2.8988602,2.835957,3.182896
3.3066692,3.6353822,3.3370168,3.6049154,3.1688051,3.2182782,3.3316944,3.474192,2.7567313,2.836342,2.9971313,3.0313811,2.4545434,2.8088138,2.7575808,2.7543957,1.9889684,2.1868422,2.3260713,2.3405702,1.7755827,1.8481541,2.0915902,2.0745945,1.8077259,1.9765099,2.0721328,2.0833225,2.131226,2.194111,2.3687718,2.3393357,2.4110613,2.5712168,2.6162217,2.6328602,2.8832045,2.9663475,3.0401108,3.102947,3.2017343,3.171162,3.267555,3.469227,3.4331534,3.5811434,3.4848847,3.7061574,3.3286102,3.4857798,3.396537,3.635973,3.0575173,3.1969028,3.1582806,3.3993812,2.8418226,2.9311182,3.0025115,3.1413877,2.3323922,2.4155235,2.6714272,2.6913147,1.8832663,2.0285876,2.2045372,2.1685843,1.528818,1.6984541,1.911774,1.8503044,1.3465909,1.3813903,1.5876915,1.5751313,1.6472739,1.6380842,1.927821,1.9201195,2.0049946,2.076111,2.1672873,2.1802738,2.4539726,2.4687006,2.6109347,2.672516,2.9364684,3.004159,3.048538,3.2715492,3.2524211,3.3015678,3.3208458,3.6632004
3.032605,3.185178,3.1167512,3.369738,2.8263319,2.8032916,3.0632584,3.2309623,2.4090877,2.7205515,2.7397223,2.7732954,2.0934486,2.2144651,2.4941638,2.4156353,1.7635262,1.9209138,2.1520867,2.0981038,1.780778,2.003911,2.143012,2.0022476,2.0913332,2.206548,2.3545096,2.227006,2.5170336,2.5388,2.6869295,2.5352368,2.963393,2.9976826,3.096223,3.032126,3.194452,3.2827384,3.3327937,3.3305526,3.4889085,3.529608,3.5444942,3.703142,3.4231374,3.5239458,3.521693,3.7506182,3.0746095,3.2190998,3.210355,3.482796,2.7990103,2.9997098,2.9683335,3.2702198,2.4126482,2.650611,2.7410543,2.8594506,1.8471944,1.9709591,2.2598555,2.2367623,1.6113538,1.5691259,2.0342853,1.9256202,1.3688903,1.3688473,1.7562081,1.5924319,1.6742808,1.6101879,1.9512798,1.8230151,2.014872,2.1874225,2.2126002,2.1403637,2.6069133,2.5695462,2.7253854,2.677021,2.9248562,2.8644998,3.0049193,3.0251904,3.2912834,3.2679195,3.3642642,3.5620492,3.4127693,3.3949947,3.4377792,3.7764003
2.704963,2.7587125,2.9214394,3.1353452,2.3974004,2.5163069,2.765139,2.8198376,1.9651589,2.444065,2.397581,2.3274057,1.7645812,1.9123704,2.167059,2.036242,1.7639875,2.0140243,2.114464,2.0041502,2.0614731,2.0931935,2.3256707,2.1823635,2.4376984,2.54476,2.4920497,2.4574106,2.943864,3.0118845,2.8988774,2.8602352,3.2463343,3.2866986,3.2226026,3.221103,3.518011,3.5133169,3.5583506,3.5868678,3.4664536,3.6168947,3.5303411,3.6853862,3.0788136,3.2051191,3.174694,3.4064395,2.7575707,3.030393,2.946503,3.2270133,2.3905737,2.7265632,2.7354486,2.9476075,1.9828956,2.504858,2.3801568,2.435625,1.4572387,1.6566334,1.8534883,1.7729715,1.4423751,1.4027488,1.797481,1.6553501,1.5088001,1.501839,1.7718264,1.6068325,1.9781675,2.203876,2.0201147,1.9387697,2.589397,2.460667,2.6478028,2.59299,3.0223434,3.1191714,3.0112875,2.9654195,3.3348763,3.2991397,3.3770764,3.4073179,3.4603777,3.548778,3.4838858,3.7104611,3.3292923,3.409526,3.400522,3.7659197
2.3405974,2.5058846,2.6024604,2.800021,2.076682,2.3502445,2.3891513,2.4926264,1.749316,2.0749965,2.123502,2.033589,1.921534,1.9612876,2.3204072,2.0814383,1.9644845,2.112959,2.1995232,2.0309238,2.4113302,2.6311486,2.5348048,2.3655157,2.8949022,2.8739493,2.903254,2.7460246,3.2250159,3.2786267,3.193494,3.033373,3.52938,3.4991841,3.5035021,3.444805,3.4814482,3.5622363,3.514521,3.5905087,3.1466417,3.1158342,3.2354224,3.4455624,2.8163345,2.888855,2.9623349,3.2937675,2.316746,2.4820232,2.6495895,2.9203753,1.8513223,1.9137554,2.199098,2.4412384,1.6049882,1.7200824,1.9706378,2.0592675,1.383071,1.5922153,1.7497313,1.6554614,1.602838,1.510758,1.8569077,1.7067082,1.9020098,2.0254,2.0542457,1.8744327,2.4326823,2.4107723,2.4109411,2.2590723,2.9071822,2.9404993,2.8132236,2.7503984,3.3248575,3.357218,3.1727872,3.1613412,3.5087595,3.470599,3.4332128,3.5205073,3.4120584,3.4098403,3.4910603,3.7334862,2.9623542,2.9191816,3.0834177,3.4809003
2.0547264,2.0884151,2.401009,2.7055953,1.8448721,1.9007026,2.2033942,2.3303993,1.9330914,2.0659382,2.3504884,2.2185185,2.096761,2.1007202,2.343131,2.160244,2.3048897,2.4238098,2.3666477,2.22195,2.8582895,2.8599532,2.8430593,2.6050901,3.1265357,3.1997082,3.0241446,2.7450123,3.493347,3.6173544,3.4136422,3.086934,3.4981759,3.5461974,3.5514534,3.3222861,3.1061473,3.184073,3.2474895,3.1925666,2.8838735,3.0566509,3.0455112,3.2226994,2.2978933,2.4738486,2.5564764,2.9088705,1.8718113,2.0116453,2.211405,2.5844169,1.4935701,1.6590306,1.8579805,2.1999161,1.458159,1.7046742,1.7638187,1.8991197,1.5767648,1.7514846,1.8711487,1.8253541,1.9700276,1.9521648,2.1341345,1.9826795,2.3978596,2.1967459,2.5119057,2.2136815,2.9042506,2.8804276,2.8679128,2.5796099,3.3276834,3.2643135,3.306708,2.9830413,3.5760834,3.800502,3.5540192,3.3597267,3.304983,3.452643,3.362273,3.2625635,3.0287156,3.0958722,3.1707065,3.3392746,2.5086727,2.5945563,2.6837232,3.062968
1.8169025,1.9733999,2.172003,2.407382,1.8248141,1.9117793,2.1299179,2.2452366,2.085333,2.2244694,2.3648374,2.2663229,2.3991387,2.2217402,2.5049658,2.3014395,2.7977684,2.919787,2.7758808,2.567738,3.110062,3.0548134,3.0133853,2.7131693,3.4997897,3.47314,3.3690474,3.0075564,3.5171676,3.6449416,3.4670086,3.0808432,3.2046473,3.3310149,3.300172,3.037984,2.8782237,3.0244803,3.1362557,3.0175142,2.3755686,2.595356,2.6901598,2.8035843,1.8845217,2.1057775,2.2262416,2.5314114,1.5212989,1.7013305,1.9595419,2.321291,1.4162241,1.667299,1.7825886,2.1522324,1.6602719,1.7550021,1.9359739,2.154931,1.9634993,1.9107659,2.1552114,2.1727734,2.3063288,2.128328,2.2783835,2.1910684,2.7940474,2.5870154,2.7493744,2.471356,3.3144875,3.2367527,3.191008,2.8422217,3.5498877,3.6410642,3.483702,3.1170466,3.48059,3.5707598,3.5002148,3.1957393,2.979352,3.2438002,3.0654793,2.9186695,2.5913253,2.8519223,2.8206074,2.9547813,2.0592444,2.174988,2.3091087,2.6997938
1.8393878,2.0807774,2.2060435,2.3958187,2.113486,2.0887632,2.387869,2.5243247,2.3692951,2.3715808,2.5314658,2.465623,2.8888834,2.8693156,2.9048493,2.8208525,3.1036444,3.204923,3.0594833,2.943669,3.4575632,3.343982,3.435348,3.1866205,3.4226034,3.54097,3.3211749,3.0647194,3.1899688,3.332407,3.186688,2.8965495,2.9073205,2.9291327,3.0596786,2.834416,2.4074159,2.800222,2.7554543,2.631914,1.887164,2.0454597,2.2359684,2.3477938,1.564641,1.9645588,1.9554633,2.2153735,1.4457854,1.8042127,1.8920869,2.1652887,1.570641,1.8357084,1.928508,2.251311,2.0627596,2.0329924,2.3072393,2.495879,2.4435709,2.4302974,2.575903,2.5938542,2.867517,2.7054646,2.8185225,2.7595136,3.174117,3.0196815,3.0891354,2.9070354,3.490153,3.510002,3.356649,3.1488454,3.3190699,3.4112332,3.2793589,3.0012066,3.1027977,3.2613525,3.1609623,2.9017444,2.5640259,2.6721241,2.7349901,2.5809767,2.1808937,2.2579958,2.5058587,2.5333033,1.6876774,2.027281,2.0914676,2.3255253
